image,label
000001.jpg,tire flat
000002.jpg,tire flat
000003.jpg,tire flat
000004.jpg,tire flat
000005.jpg,tire flat
000006.jpg,tire flat
000007.jpg,tire flat
000008.jpg,crack
000009.jpg,tire flat
000010.jpg,tire flat
000011.jpg,tire flat
000014.jpg,scratch
000018.jpg,scratch
000019.jpg,scratch
000020.jpg,scratch
000021.jpg,scratch
000022.jpg,scratch
000026.jpg,scratch
000027.jpg,scratch
000028.jpg,dent
000029.jpg,dent
000030.jpg,scratch
000031.jpg,scratch
000032.jpg,crack
000036.jpg,scratch
000037.jpg,scratch
000039.jpg,dent
000041.jpg,glass shatter
000043.jpg,scratch
000045.jpg,dent
000046.jpg,scratch
000048.jpg,dent
000049.jpg,scratch
000050.jpg,scratch
000051.jpg,glass shatter
000052.jpg,scratch
000053.jpg,tire flat
000055.jpg,tire flat
000056.jpg,tire flat
000061.jpg,glass shatter
000062.jpg,dent
000063.jpg,dent
000064.jpg,scratch
000065.jpg,scratch
000066.jpg,dent
000067.jpg,dent
000068.jpg,glass shatter
000069.jpg,dent
000070.jpg,scratch
000071.jpg,dent
000072.jpg,scratch
000073.jpg,scratch
000074.jpg,dent
000075.jpg,dent
000076.jpg,dent
000077.jpg,lamp broken
000078.jpg,dent
000079.jpg,dent
000081.jpg,dent
000085.jpg,dent
000087.jpg,dent
000092.jpg,dent
000093.jpg,dent
000094.jpg,dent
000095.jpg,dent
000096.jpg,crack
000098.jpg,dent
000099.jpg,dent
000100.jpg,crack
000101.jpg,dent
000104.jpg,tire flat
000108.jpg,crack
000111.jpg,scratch
000112.jpg,scratch
000113.jpg,dent
000114.jpg,scratch
000115.jpg,scratch
000116.jpg,dent
000117.jpg,dent
000118.jpg,scratch
000119.jpg,crack
000120.jpg,scratch
000121.jpg,scratch
000122.jpg,scratch
000123.jpg,tire flat
000124.jpg,tire flat
000125.jpg,tire flat
000126.jpg,scratch
000127.jpg,dent
000129.jpg,dent
000131.jpg,scratch
000132.jpg,scratch
000133.jpg,dent
000134.jpg,dent
000135.jpg,dent
000138.jpg,glass shatter
000139.jpg,glass shatter
000140.jpg,glass shatter
000141.jpg,lamp broken
000142.jpg,dent
000143.jpg,glass shatter
000144.jpg,glass shatter
000145.jpg,lamp broken
000147.jpg,scratch
000148.jpg,scratch
000150.jpg,scratch
000151.jpg,lamp broken
000153.jpg,dent
000154.jpg,glass shatter
000155.jpg,dent
000158.jpg,scratch
000160.jpg,scratch
000161.jpg,dent
000162.jpg,crack
000163.jpg,dent
000164.jpg,dent
000168.jpg,glass shatter
000169.jpg,glass shatter
000170.jpg,glass shatter
000171.jpg,glass shatter
000172.jpg,glass shatter
000173.jpg,glass shatter
000174.jpg,glass shatter
000178.jpg,glass shatter
000179.jpg,glass shatter
000180.jpg,glass shatter
000181.jpg,glass shatter
000182.jpg,glass shatter
000183.jpg,glass shatter
000184.jpg,glass shatter
000188.jpg,crack
000189.jpg,lamp broken
000190.jpg,lamp broken
000194.jpg,dent
000195.jpg,dent
000196.jpg,glass shatter
000197.jpg,glass shatter
000198.jpg,glass shatter
000199.jpg,lamp broken
000200.jpg,glass shatter
000201.jpg,glass shatter
000202.jpg,glass shatter
000203.jpg,glass shatter
000207.jpg,glass shatter
000208.jpg,glass shatter
000209.jpg,glass shatter
000210.jpg,dent
000211.jpg,glass shatter
000212.jpg,glass shatter
000213.jpg,dent
000217.jpg,glass shatter
000218.jpg,glass shatter
000219.jpg,glass shatter
000220.jpg,glass shatter
000221.jpg,glass shatter
000222.jpg,glass shatter
000223.jpg,glass shatter
000227.jpg,glass shatter
000228.jpg,glass shatter
000229.jpg,glass shatter
000230.jpg,glass shatter
000231.jpg,glass shatter
000232.jpg,glass shatter
000234.jpg,scratch
000236.jpg,dent
000238.jpg,dent
000240.jpg,scratch
000245.jpg,glass shatter
000246.jpg,glass shatter
000247.jpg,dent
000248.jpg,glass shatter
000249.jpg,glass shatter
000250.jpg,glass shatter
000251.jpg,glass shatter
000252.jpg,glass shatter
000256.jpg,glass shatter
000257.jpg,dent
000258.jpg,glass shatter
000261.jpg,glass shatter
000262.jpg,glass shatter
000263.jpg,glass shatter
000264.jpg,dent
000265.jpg,dent
000266.jpg,glass shatter
000269.jpg,dent
000273.jpg,lamp broken
000274.jpg,lamp broken
000275.jpg,scratch
000276.jpg,scratch
000277.jpg,lamp broken
000279.jpg,glass shatter
000280.jpg,glass shatter
000281.jpg,scratch
000282.jpg,glass shatter
000283.jpg,glass shatter
000284.jpg,dent
000285.jpg,glass shatter
000286.jpg,glass shatter
000287.jpg,glass shatter
000291.jpg,dent
000292.jpg,dent
000295.jpg,scratch
000296.jpg,lamp broken
000298.jpg,dent
000302.jpg,dent
000303.jpg,scratch
000304.jpg,tire flat
000305.jpg,glass shatter
000306.jpg,glass shatter
000307.jpg,glass shatter
000308.jpg,glass shatter
000309.jpg,glass shatter
000313.jpg,dent
000314.jpg,glass shatter
000315.jpg,glass shatter
000316.jpg,glass shatter
000317.jpg,glass shatter
000318.jpg,glass shatter
000319.jpg,glass shatter
000323.jpg,dent
000324.jpg,dent
000325.jpg,glass shatter
000326.jpg,glass shatter
000327.jpg,glass shatter
000328.jpg,glass shatter
000329.jpg,glass shatter
000333.jpg,glass shatter
000334.jpg,glass shatter
000335.jpg,glass shatter
000336.jpg,glass shatter
000337.jpg,glass shatter
000338.jpg,glass shatter
000339.jpg,glass shatter
000344.jpg,glass shatter
000345.jpg,crack
000346.jpg,tire flat
000349.jpg,crack
000351.jpg,dent
000357.jpg,scratch
000358.jpg,scratch
000359.jpg,crack
000360.jpg,scratch
000361.jpg,dent
000362.jpg,dent
000363.jpg,dent
000364.jpg,scratch
000365.jpg,dent
000366.jpg,dent
000367.jpg,scratch
000368.jpg,scratch
000369.jpg,scratch
000370.jpg,glass shatter
000371.jpg,dent
000372.jpg,dent
000373.jpg,dent
000374.jpg,dent
000375.jpg,glass shatter
000377.jpg,crack
000379.jpg,scratch
000380.jpg,dent
000382.jpg,dent
000383.jpg,scratch
000384.jpg,crack
000386.jpg,dent
000388.jpg,dent
000389.jpg,dent
000390.jpg,dent
000391.jpg,crack
000392.jpg,dent
000393.jpg,crack
000394.jpg,scratch
000395.jpg,dent
000396.jpg,scratch
000397.jpg,lamp broken
000398.jpg,glass shatter
000399.jpg,dent
000401.jpg,dent
000402.jpg,dent
000403.jpg,dent
000406.jpg,dent
000408.jpg,dent
000409.jpg,scratch
000410.jpg,dent
000411.jpg,dent
000412.jpg,dent
000413.jpg,dent
000414.jpg,scratch
000416.jpg,dent
000419.jpg,scratch
000420.jpg,scratch
000421.jpg,glass shatter
000425.jpg,lamp broken
000428.jpg,dent
000429.jpg,dent
000430.jpg,scratch
000431.jpg,dent
000432.jpg,dent
000434.jpg,glass shatter
000435.jpg,glass shatter
000436.jpg,crack
000437.jpg,dent
000438.jpg,scratch
000440.jpg,dent
000441.jpg,dent
000442.jpg,dent
000443.jpg,dent
000444.jpg,scratch
000446.jpg,dent
000447.jpg,dent
000448.jpg,scratch
000449.jpg,scratch
000450.jpg,scratch
000451.jpg,scratch
000453.jpg,scratch
000455.jpg,scratch
000456.jpg,dent
000457.jpg,dent
000458.jpg,dent
000459.jpg,dent
000460.jpg,crack
000461.jpg,dent
000462.jpg,dent
000463.jpg,tire flat
000464.jpg,glass shatter
000465.jpg,glass shatter
000467.jpg,scratch
000471.jpg,glass shatter
000472.jpg,glass shatter
000473.jpg,glass shatter
000474.jpg,glass shatter
000476.jpg,scratch
000477.jpg,scratch
000478.jpg,scratch
000479.jpg,scratch
000480.jpg,scratch
000484.jpg,dent
000485.jpg,dent
000486.jpg,scratch
000487.jpg,scratch
000489.jpg,dent
000490.jpg,dent
000494.jpg,scratch
000496.jpg,dent
000498.jpg,dent
000499.jpg,dent
000500.jpg,dent
000501.jpg,dent
000502.jpg,crack
000503.jpg,dent
000504.jpg,scratch
000505.jpg,dent
000506.jpg,dent
000507.jpg,scratch
000508.jpg,dent
000509.jpg,crack
000510.jpg,crack
000511.jpg,dent
000512.jpg,scratch
000518.jpg,dent
000519.jpg,dent
000522.jpg,dent
000523.jpg,scratch
000525.jpg,scratch
000526.jpg,dent
000527.jpg,dent
000528.jpg,lamp broken
000529.jpg,dent
000530.jpg,dent
000533.jpg,scratch
000534.jpg,scratch
000535.jpg,scratch
000536.jpg,scratch
000539.jpg,dent
000540.jpg,dent
000543.jpg,glass shatter
000545.jpg,dent
000546.jpg,dent
000547.jpg,dent
000548.jpg,dent
000549.jpg,dent
000551.jpg,scratch
000553.jpg,dent
000554.jpg,scratch
000555.jpg,dent
000556.jpg,scratch
000557.jpg,dent
000558.jpg,dent
000559.jpg,scratch
000560.jpg,scratch
000562.jpg,dent
000563.jpg,dent
000564.jpg,scratch
000566.jpg,scratch
000568.jpg,dent
000569.jpg,scratch
000574.jpg,scratch
000580.jpg,lamp broken
000581.jpg,dent
000582.jpg,dent
000583.jpg,scratch
000584.jpg,scratch
000585.jpg,scratch
000586.jpg,tire flat
000587.jpg,tire flat
000588.jpg,tire flat
000590.jpg,dent
000591.jpg,dent
000592.jpg,glass shatter
000593.jpg,dent
000594.jpg,scratch
000596.jpg,tire flat
000597.jpg,tire flat
000598.jpg,tire flat
000599.jpg,tire flat
000600.jpg,tire flat
000601.jpg,tire flat
000602.jpg,tire flat
000606.jpg,crack
000607.jpg,dent
000608.jpg,dent
000609.jpg,scratch
000610.jpg,dent
000612.jpg,scratch
000613.jpg,glass shatter
000615.jpg,dent
000616.jpg,dent
000617.jpg,tire flat
000618.jpg,scratch
000619.jpg,scratch
000620.jpg,scratch
000621.jpg,scratch
000622.jpg,scratch
000623.jpg,tire flat
000624.jpg,dent
000627.jpg,tire flat
000628.jpg,tire flat
000629.jpg,scratch
000630.jpg,scratch
000633.jpg,glass shatter
000634.jpg,glass shatter
000635.jpg,scratch
000636.jpg,scratch
000637.jpg,dent
000639.jpg,lamp broken
000642.jpg,scratch
000643.jpg,scratch
000644.jpg,scratch
000645.jpg,scratch
000646.jpg,scratch
000647.jpg,scratch
000649.jpg,scratch
000650.jpg,scratch
000651.jpg,scratch
000652.jpg,scratch
000654.jpg,scratch
000656.jpg,tire flat
000657.jpg,lamp broken
000658.jpg,tire flat
000662.jpg,tire flat
000663.jpg,scratch
000664.jpg,tire flat
000665.jpg,tire flat
000666.jpg,tire flat
000667.jpg,tire flat
000668.jpg,tire flat
000669.jpg,tire flat
000673.jpg,tire flat
000674.jpg,tire flat
000675.jpg,tire flat
000676.jpg,tire flat
000677.jpg,scratch
000679.jpg,scratch
000680.jpg,scratch
000681.jpg,dent
000682.jpg,scratch
000683.jpg,scratch
000684.jpg,dent
000685.jpg,crack
000686.jpg,scratch
000688.jpg,dent
000689.jpg,dent
000690.jpg,dent
000691.jpg,lamp broken
000692.jpg,scratch
000694.jpg,scratch
000695.jpg,dent
000697.jpg,dent
000701.jpg,tire flat
000705.jpg,glass shatter
000706.jpg,glass shatter
000708.jpg,scratch
000709.jpg,scratch
000710.jpg,scratch
000711.jpg,glass shatter
000712.jpg,tire flat
000713.jpg,tire flat
000714.jpg,scratch
000715.jpg,tire flat
000716.jpg,scratch
000717.jpg,scratch
000718.jpg,tire flat
000719.jpg,tire flat
000723.jpg,tire flat
000724.jpg,tire flat
000725.jpg,tire flat
000726.jpg,tire flat
000727.jpg,tire flat
000728.jpg,tire flat
000729.jpg,tire flat
000733.jpg,tire flat
000734.jpg,tire flat
000735.jpg,tire flat
000736.jpg,tire flat
000737.jpg,tire flat
000738.jpg,tire flat
000739.jpg,tire flat
000741.jpg,tire flat
000742.jpg,tire flat
000743.jpg,tire flat
000744.jpg,tire flat
000745.jpg,tire flat
000746.jpg,tire flat
000747.jpg,tire flat
000752.jpg,tire flat
000753.jpg,scratch
000754.jpg,scratch
000755.jpg,dent
000756.jpg,dent
000757.jpg,scratch
000758.jpg,scratch
000759.jpg,dent
000760.jpg,scratch
000761.jpg,scratch
000762.jpg,scratch
000763.jpg,scratch
000764.jpg,scratch
000765.jpg,dent
000768.jpg,scratch
000770.jpg,scratch
000771.jpg,dent
000772.jpg,tire flat
000773.jpg,tire flat
000774.jpg,tire flat
000775.jpg,tire flat
000776.jpg,tire flat
000777.jpg,tire flat
000779.jpg,scratch
000780.jpg,dent
000781.jpg,dent
000782.jpg,dent
000783.jpg,dent
000785.jpg,scratch
000786.jpg,glass shatter
000788.jpg,lamp broken
000791.jpg,glass shatter
000792.jpg,scratch
000793.jpg,scratch
000794.jpg,tire flat
000795.jpg,tire flat
000797.jpg,scratch
000798.jpg,scratch
000799.jpg,glass shatter
000800.jpg,dent
000801.jpg,tire flat
000802.jpg,dent
000803.jpg,tire flat
000804.jpg,dent
000805.jpg,scratch
000806.jpg,dent
000807.jpg,scratch
000808.jpg,dent
000813.jpg,scratch
000814.jpg,scratch
000815.jpg,dent
000816.jpg,dent
000817.jpg,scratch
000818.jpg,scratch
000819.jpg,dent
000820.jpg,scratch
000821.jpg,scratch
000823.jpg,scratch
000826.jpg,tire flat
000827.jpg,tire flat
000828.jpg,tire flat
000829.jpg,tire flat
000830.jpg,scratch
000833.jpg,crack
000837.jpg,scratch
000838.jpg,scratch
000839.jpg,scratch
000840.jpg,scratch
000841.jpg,scratch
000842.jpg,scratch
000843.jpg,scratch
000844.jpg,scratch
000845.jpg,crack
000846.jpg,crack
000847.jpg,crack
000849.jpg,dent
000850.jpg,glass shatter
000851.jpg,glass shatter
000854.jpg,glass shatter
000855.jpg,glass shatter
000861.jpg,lamp broken
000862.jpg,lamp broken
000863.jpg,dent
000864.jpg,dent
000865.jpg,dent
000866.jpg,dent
000867.jpg,crack
000868.jpg,dent
000870.jpg,scratch
000871.jpg,dent
000872.jpg,dent
000873.jpg,dent
000874.jpg,dent
000877.jpg,dent
000878.jpg,dent
000879.jpg,crack
000880.jpg,scratch
000881.jpg,scratch
000882.jpg,scratch
000884.jpg,crack
000885.jpg,dent
000887.jpg,glass shatter
000888.jpg,glass shatter
000893.jpg,scratch
000894.jpg,scratch
000895.jpg,scratch
000896.jpg,scratch
000897.jpg,dent
000898.jpg,dent
000899.jpg,dent
000900.jpg,scratch
000901.jpg,scratch
000902.jpg,dent
000903.jpg,dent
000904.jpg,crack
000907.jpg,dent
000908.jpg,scratch
000911.jpg,scratch
000912.jpg,crack
000913.jpg,scratch
000915.jpg,dent
000916.jpg,dent
000917.jpg,dent
000918.jpg,dent
000919.jpg,dent
000920.jpg,dent
000921.jpg,scratch
000922.jpg,dent
000923.jpg,dent
000924.jpg,dent
000925.jpg,dent
000927.jpg,crack
000936.jpg,scratch
000937.jpg,scratch
000938.jpg,dent
000939.jpg,dent
000940.jpg,dent
000941.jpg,dent
000942.jpg,dent
000943.jpg,dent
000944.jpg,scratch
000945.jpg,dent
000946.jpg,dent
000947.jpg,tire flat
000948.jpg,glass shatter
000949.jpg,lamp broken
000951.jpg,dent
000953.jpg,dent
000954.jpg,scratch
000955.jpg,scratch
000956.jpg,dent
000959.jpg,tire flat
000961.jpg,glass shatter
000962.jpg,glass shatter
000963.jpg,dent
000964.jpg,scratch
000966.jpg,tire flat
000967.jpg,tire flat
000968.jpg,tire flat
000973.jpg,dent
000975.jpg,dent
000977.jpg,dent
000978.jpg,dent
000979.jpg,dent
000980.jpg,scratch
000981.jpg,scratch
000982.jpg,dent
000983.jpg,dent
000984.jpg,glass shatter
000985.jpg,glass shatter
000986.jpg,dent
000987.jpg,scratch
000991.jpg,crack
000992.jpg,scratch
000993.jpg,scratch
000994.jpg,dent
000995.jpg,dent
000997.jpg,scratch
000998.jpg,crack
000999.jpg,dent
001001.jpg,dent
001003.jpg,scratch
001004.jpg,scratch
001005.jpg,scratch
001009.jpg,tire flat
001010.jpg,tire flat
001011.jpg,tire flat
001012.jpg,tire flat
001013.jpg,tire flat
001014.jpg,tire flat
001015.jpg,tire flat
001019.jpg,tire flat
001020.jpg,tire flat
001021.jpg,tire flat
001022.jpg,tire flat
001023.jpg,tire flat
001027.jpg,dent
001028.jpg,scratch
001029.jpg,scratch
001030.jpg,dent
001031.jpg,glass shatter
001032.jpg,crack
001033.jpg,dent
001034.jpg,scratch
001035.jpg,dent
001036.jpg,glass shatter
001037.jpg,glass shatter
001038.jpg,tire flat
001041.jpg,scratch
001042.jpg,scratch
001044.jpg,tire flat
001046.jpg,dent
001047.jpg,dent
001048.jpg,tire flat
001049.jpg,glass shatter
001050.jpg,dent
001051.jpg,scratch
001052.jpg,scratch
001053.jpg,scratch
001054.jpg,scratch
001055.jpg,tire flat
001056.jpg,tire flat
001057.jpg,tire flat
001059.jpg,scratch
001064.jpg,tire flat
001065.jpg,tire flat
001066.jpg,scratch
001067.jpg,tire flat
001068.jpg,tire flat
001069.jpg,tire flat
001070.jpg,tire flat
001072.jpg,tire flat
001073.jpg,tire flat
001074.jpg,tire flat
001075.jpg,tire flat
001076.jpg,tire flat
001077.jpg,tire flat
001080.jpg,tire flat
001081.jpg,tire flat
001082.jpg,tire flat
001083.jpg,tire flat
001084.jpg,tire flat
001085.jpg,tire flat
001086.jpg,tire flat
001091.jpg,tire flat
001092.jpg,tire flat
001093.jpg,tire flat
001094.jpg,tire flat
001095.jpg,tire flat
001096.jpg,tire flat
001097.jpg,tire flat
001101.jpg,tire flat
001102.jpg,tire flat
001103.jpg,scratch
001104.jpg,glass shatter
001106.jpg,scratch
001107.jpg,dent
001110.jpg,scratch
001111.jpg,crack
001112.jpg,dent
001113.jpg,scratch
001114.jpg,scratch
001115.jpg,crack
001116.jpg,scratch
001117.jpg,glass shatter
001119.jpg,dent
001121.jpg,dent
001123.jpg,scratch
001125.jpg,scratch
001126.jpg,scratch
001127.jpg,scratch
001129.jpg,scratch
001132.jpg,dent
001133.jpg,dent
001136.jpg,scratch
001137.jpg,tire flat
001138.jpg,tire flat
001139.jpg,crack
001140.jpg,crack
001142.jpg,tire flat
001143.jpg,scratch
001144.jpg,scratch
001145.jpg,scratch
001146.jpg,dent
001147.jpg,scratch
001148.jpg,dent
001149.jpg,dent
001150.jpg,scratch
001151.jpg,scratch
001153.jpg,scratch
001154.jpg,dent
001155.jpg,scratch
001156.jpg,dent
001157.jpg,dent
001158.jpg,dent
001160.jpg,scratch
001161.jpg,glass shatter
001162.jpg,tire flat
001165.jpg,tire flat
001166.jpg,tire flat
001167.jpg,scratch
001170.jpg,lamp broken
001173.jpg,dent
001174.jpg,glass shatter
001177.jpg,scratch
001178.jpg,scratch
001179.jpg,scratch
001181.jpg,tire flat
001183.jpg,tire flat
001184.jpg,glass shatter
001186.jpg,tire flat
001187.jpg,glass shatter
001188.jpg,glass shatter
001189.jpg,dent
001190.jpg,dent
001194.jpg,glass shatter
001195.jpg,tire flat
001200.jpg,tire flat
001201.jpg,tire flat
001202.jpg,tire flat
001203.jpg,tire flat
001204.jpg,dent
001205.jpg,scratch
001206.jpg,scratch
001207.jpg,glass shatter
001208.jpg,glass shatter
001209.jpg,crack
001210.jpg,tire flat
001211.jpg,tire flat
001212.jpg,tire flat
001214.jpg,tire flat
001218.jpg,glass shatter
001220.jpg,crack
001221.jpg,scratch
001222.jpg,glass shatter
001223.jpg,scratch
001224.jpg,scratch
001225.jpg,scratch
001226.jpg,scratch
001227.jpg,dent
001228.jpg,scratch
001229.jpg,dent
001230.jpg,dent
001231.jpg,dent
001232.jpg,dent
001233.jpg,tire flat
001234.jpg,tire flat
001235.jpg,dent
001237.jpg,scratch
001238.jpg,crack
001239.jpg,crack
001241.jpg,scratch
001247.jpg,crack
001249.jpg,dent
001250.jpg,lamp broken
001251.jpg,lamp broken
001252.jpg,dent
001253.jpg,dent
001254.jpg,scratch
001255.jpg,scratch
001257.jpg,scratch
001258.jpg,scratch
001261.jpg,scratch
001262.jpg,dent
001264.jpg,dent
001265.jpg,dent
001266.jpg,dent
001271.jpg,dent
001274.jpg,scratch
001275.jpg,tire flat
001276.jpg,dent
001277.jpg,scratch
001278.jpg,dent
001279.jpg,dent
001280.jpg,scratch
001283.jpg,dent
001290.jpg,scratch
001291.jpg,scratch
001292.jpg,scratch
001293.jpg,scratch
001294.jpg,scratch
001295.jpg,scratch
001296.jpg,scratch
001297.jpg,scratch
001298.jpg,scratch
001299.jpg,scratch
001300.jpg,scratch
001301.jpg,scratch
001302.jpg,scratch
001303.jpg,scratch
001304.jpg,dent
001305.jpg,scratch
001306.jpg,scratch
001309.jpg,scratch
001310.jpg,scratch
001311.jpg,scratch
001312.jpg,scratch
001313.jpg,scratch
001319.jpg,scratch
001320.jpg,scratch
001321.jpg,scratch
001322.jpg,scratch
001323.jpg,scratch
001324.jpg,scratch
001325.jpg,scratch
001326.jpg,scratch
001332.jpg,dent
001333.jpg,scratch
001334.jpg,scratch
001335.jpg,scratch
001336.jpg,scratch
001337.jpg,scratch
001338.jpg,scratch
001339.jpg,scratch
001340.jpg,scratch
001342.jpg,dent
001343.jpg,dent
001344.jpg,crack
001346.jpg,dent
001347.jpg,dent
001348.jpg,dent
001349.jpg,dent
001350.jpg,dent
001351.jpg,scratch
001352.jpg,dent
001353.jpg,dent
001354.jpg,scratch
001355.jpg,dent
001356.jpg,dent
001357.jpg,dent
001359.jpg,dent
001360.jpg,scratch
001362.jpg,scratch
001363.jpg,scratch
001364.jpg,dent
001365.jpg,scratch
001366.jpg,scratch
001371.jpg,dent
001376.jpg,crack
001377.jpg,glass shatter
001378.jpg,glass shatter
001380.jpg,glass shatter
001381.jpg,glass shatter
001382.jpg,glass shatter
001383.jpg,tire flat
001384.jpg,dent
001385.jpg,scratch
001386.jpg,scratch
001387.jpg,lamp broken
001388.jpg,lamp broken
001389.jpg,scratch
001390.jpg,lamp broken
001391.jpg,scratch
001392.jpg,lamp broken
001393.jpg,lamp broken
001395.jpg,lamp broken
001397.jpg,tire flat
001399.jpg,crack
001401.jpg,glass shatter
001403.jpg,tire flat
001404.jpg,tire flat
001405.jpg,tire flat
001406.jpg,tire flat
001407.jpg,tire flat
001408.jpg,scratch
001410.jpg,dent
001412.jpg,dent
001413.jpg,scratch
001414.jpg,scratch
001415.jpg,scratch
001416.jpg,scratch
001417.jpg,dent
001418.jpg,scratch
001419.jpg,dent
001421.jpg,scratch
001423.jpg,glass shatter
001425.jpg,lamp broken
001426.jpg,lamp broken
001427.jpg,crack
001429.jpg,scratch
001430.jpg,glass shatter
001432.jpg,dent
001433.jpg,crack
001434.jpg,crack
001435.jpg,dent
001436.jpg,dent
001438.jpg,tire flat
001439.jpg,tire flat
001441.jpg,scratch
001443.jpg,crack
001444.jpg,dent
001446.jpg,dent
001447.jpg,crack
001448.jpg,dent
001449.jpg,scratch
001450.jpg,dent
001451.jpg,dent
001452.jpg,crack
001454.jpg,dent
001455.jpg,dent
001457.jpg,scratch
001458.jpg,lamp broken
001460.jpg,scratch
001461.jpg,scratch
001462.jpg,scratch
001463.jpg,scratch
001464.jpg,scratch
001465.jpg,scratch
001466.jpg,dent
001467.jpg,dent
001468.jpg,scratch
001469.jpg,scratch
001470.jpg,scratch
001471.jpg,scratch
001472.jpg,scratch
001473.jpg,scratch
001474.jpg,scratch
001475.jpg,scratch
001476.jpg,scratch
001477.jpg,scratch
001478.jpg,scratch
001479.jpg,crack
001480.jpg,dent
001481.jpg,dent
001482.jpg,dent
001485.jpg,scratch
001486.jpg,scratch
001487.jpg,dent
001490.jpg,crack
001491.jpg,crack
001492.jpg,crack
001495.jpg,dent
001496.jpg,dent
001497.jpg,dent
001498.jpg,dent
001499.jpg,crack
001500.jpg,scratch
001501.jpg,scratch
001503.jpg,scratch
001508.jpg,dent
001509.jpg,dent
001510.jpg,dent
001512.jpg,scratch
001513.jpg,dent
001514.jpg,crack
001515.jpg,scratch
001516.jpg,dent
001518.jpg,scratch
001519.jpg,scratch
001520.jpg,dent
001521.jpg,dent
001522.jpg,dent
001523.jpg,dent
001526.jpg,dent
001527.jpg,dent
001528.jpg,dent
001529.jpg,dent
001530.jpg,dent
001532.jpg,dent
001533.jpg,dent
001534.jpg,dent
001535.jpg,dent
001544.jpg,scratch
001545.jpg,dent
001546.jpg,dent
001547.jpg,scratch
001548.jpg,dent
001549.jpg,dent
001550.jpg,dent
001551.jpg,dent
001552.jpg,scratch
001553.jpg,scratch
001554.jpg,scratch
001555.jpg,scratch
001556.jpg,dent
001557.jpg,dent
001561.jpg,dent
001564.jpg,dent
001565.jpg,scratch
001566.jpg,dent
001567.jpg,dent
001568.jpg,dent
001569.jpg,scratch
001570.jpg,dent
001571.jpg,scratch
001572.jpg,dent
001573.jpg,dent
001574.jpg,dent
001575.jpg,dent
001576.jpg,scratch
001577.jpg,scratch
001578.jpg,scratch
001579.jpg,scratch
001580.jpg,scratch
001581.jpg,scratch
001584.jpg,dent
001585.jpg,scratch
001586.jpg,dent
001590.jpg,dent
001591.jpg,dent
001592.jpg,dent
001593.jpg,dent
001597.jpg,dent
001598.jpg,scratch
001600.jpg,scratch
001601.jpg,dent
001602.jpg,scratch
001603.jpg,scratch
001604.jpg,dent
001605.jpg,scratch
001606.jpg,scratch
001607.jpg,scratch
001608.jpg,scratch
001609.jpg,scratch
001611.jpg,scratch
001613.jpg,scratch
001615.jpg,dent
001616.jpg,dent
001620.jpg,scratch
001621.jpg,dent
001622.jpg,dent
001623.jpg,scratch
001624.jpg,dent
001625.jpg,scratch
001626.jpg,scratch
001628.jpg,dent
001629.jpg,dent
001630.jpg,dent
001631.jpg,dent
001632.jpg,scratch
001636.jpg,dent
001638.jpg,dent
001639.jpg,dent
001640.jpg,dent
001644.jpg,scratch
001645.jpg,crack
001646.jpg,crack
001647.jpg,scratch
001648.jpg,dent
001650.jpg,scratch
001651.jpg,scratch
001653.jpg,scratch
001654.jpg,scratch
001655.jpg,crack
001656.jpg,glass shatter
001657.jpg,dent
001658.jpg,glass shatter
001659.jpg,dent
001662.jpg,dent
001663.jpg,scratch
001664.jpg,scratch
001666.jpg,dent
001667.jpg,dent
001668.jpg,dent
001669.jpg,lamp broken
001675.jpg,scratch
001676.jpg,dent
001677.jpg,lamp broken
001678.jpg,lamp broken
001679.jpg,lamp broken
001680.jpg,scratch
001681.jpg,lamp broken
001683.jpg,lamp broken
001685.jpg,lamp broken
001687.jpg,glass shatter
001688.jpg,dent
001690.jpg,dent
001691.jpg,glass shatter
001692.jpg,dent
001693.jpg,glass shatter
001694.jpg,scratch
001695.jpg,scratch
001696.jpg,scratch
001697.jpg,scratch
001698.jpg,scratch
001699.jpg,scratch
001700.jpg,scratch
001703.jpg,scratch
001705.jpg,scratch
001706.jpg,scratch
001707.jpg,dent
001708.jpg,scratch
001710.jpg,scratch
001712.jpg,crack
001713.jpg,dent
001715.jpg,dent
001717.jpg,dent
001718.jpg,dent
001719.jpg,scratch
001723.jpg,lamp broken
001724.jpg,scratch
001725.jpg,scratch
001726.jpg,lamp broken
001730.jpg,scratch
001731.jpg,crack
001732.jpg,dent
001733.jpg,dent
001734.jpg,crack
001735.jpg,crack
001736.jpg,scratch
001737.jpg,scratch
001738.jpg,dent
001739.jpg,scratch
001740.jpg,crack
001741.jpg,dent
001742.jpg,scratch
001743.jpg,scratch
001744.jpg,scratch
001745.jpg,scratch
001749.jpg,scratch
001750.jpg,scratch
001752.jpg,scratch
001753.jpg,scratch
001754.jpg,scratch
001755.jpg,dent
001756.jpg,dent
001757.jpg,scratch
001758.jpg,dent
001760.jpg,scratch
001761.jpg,dent
001762.jpg,dent
001763.jpg,crack
001764.jpg,scratch
001765.jpg,scratch
001766.jpg,scratch
001767.jpg,scratch
001769.jpg,scratch
001773.jpg,dent
001774.jpg,dent
001775.jpg,scratch
001776.jpg,scratch
001777.jpg,scratch
001778.jpg,scratch
001779.jpg,dent
001780.jpg,scratch
001781.jpg,scratch
001782.jpg,scratch
001783.jpg,scratch
001784.jpg,scratch
001785.jpg,scratch
001786.jpg,dent
001787.jpg,scratch
001788.jpg,scratch
001789.jpg,scratch
001790.jpg,scratch
001791.jpg,scratch
001792.jpg,dent
001793.jpg,dent
001795.jpg,scratch
001796.jpg,crack
001797.jpg,scratch
001798.jpg,scratch
001801.jpg,scratch
001803.jpg,dent
001804.jpg,scratch
001805.jpg,dent
001806.jpg,scratch
001807.jpg,dent
001808.jpg,dent
001813.jpg,scratch
001814.jpg,scratch
001816.jpg,scratch
001817.jpg,scratch
001818.jpg,dent
001819.jpg,scratch
001821.jpg,dent
001824.jpg,scratch
001826.jpg,scratch
001827.jpg,dent
001828.jpg,dent
001829.jpg,scratch
001830.jpg,dent
001831.jpg,dent
001833.jpg,dent
001834.jpg,dent
001835.jpg,dent
001836.jpg,dent
001839.jpg,dent
001840.jpg,dent
001841.jpg,dent
001842.jpg,dent
001851.jpg,dent
001854.jpg,dent
001857.jpg,scratch
001858.jpg,scratch
001859.jpg,scratch
001860.jpg,dent
001861.jpg,crack
001862.jpg,dent
001863.jpg,dent
001864.jpg,scratch
001865.jpg,dent
001866.jpg,scratch
001867.jpg,scratch
001868.jpg,dent
001869.jpg,dent
001870.jpg,dent
001871.jpg,scratch
001872.jpg,dent
001873.jpg,scratch
001875.jpg,dent
001876.jpg,dent
001877.jpg,scratch
001878.jpg,scratch
001881.jpg,dent
001882.jpg,dent
001883.jpg,scratch
001884.jpg,dent
001886.jpg,scratch
001887.jpg,scratch
001889.jpg,scratch
001891.jpg,dent
001892.jpg,dent
001893.jpg,dent
001894.jpg,crack
001895.jpg,crack
001896.jpg,dent
001897.jpg,dent
001898.jpg,dent
001901.jpg,crack
001902.jpg,scratch
001903.jpg,dent
001904.jpg,glass shatter
001905.jpg,scratch
001906.jpg,scratch
001907.jpg,scratch
001908.jpg,scratch
001913.jpg,dent
001914.jpg,dent
001915.jpg,dent
001916.jpg,dent
001918.jpg,dent
001919.jpg,crack
001920.jpg,scratch
001921.jpg,scratch
001922.jpg,dent
001923.jpg,dent
001924.jpg,scratch
001925.jpg,scratch
001928.jpg,dent
001929.jpg,dent
001930.jpg,dent
001931.jpg,dent
001932.jpg,scratch
001935.jpg,dent
001936.jpg,dent
001938.jpg,dent
001941.jpg,dent
001942.jpg,dent
001943.jpg,dent
001948.jpg,crack
001949.jpg,crack
001950.jpg,crack
001951.jpg,dent
001952.jpg,dent
001953.jpg,dent
001954.jpg,dent
001955.jpg,scratch
001956.jpg,scratch
001957.jpg,dent
001958.jpg,dent
001959.jpg,scratch
001960.jpg,dent
001961.jpg,dent
001964.jpg,dent
001965.jpg,dent
001966.jpg,dent
001969.jpg,glass shatter
001970.jpg,scratch
001971.jpg,scratch
001972.jpg,dent
001973.jpg,crack
001975.jpg,dent
001976.jpg,dent
001977.jpg,scratch
001978.jpg,dent
001983.jpg,scratch
001985.jpg,crack
001986.jpg,crack
001987.jpg,scratch
001988.jpg,scratch
001989.jpg,scratch
001990.jpg,dent
001991.jpg,crack
001992.jpg,scratch
001995.jpg,scratch
001996.jpg,scratch
001998.jpg,crack
001999.jpg,scratch
002000.jpg,scratch
002002.jpg,dent
002003.jpg,dent
002004.jpg,dent
002005.jpg,dent
002008.jpg,scratch
002010.jpg,scratch
002013.jpg,scratch
002017.jpg,scratch
002018.jpg,scratch
002019.jpg,scratch
002020.jpg,scratch
002021.jpg,dent
002022.jpg,dent
002023.jpg,dent
002024.jpg,scratch
002025.jpg,dent
002026.jpg,dent
002027.jpg,dent
002028.jpg,crack
002029.jpg,scratch
002030.jpg,crack
002031.jpg,crack
002032.jpg,dent
002033.jpg,scratch
002034.jpg,scratch
002037.jpg,dent
002038.jpg,dent
002039.jpg,dent
002040.jpg,dent
002041.jpg,dent
002042.jpg,dent
002043.jpg,dent
002044.jpg,dent
002047.jpg,scratch
002048.jpg,scratch
002049.jpg,scratch
002050.jpg,scratch
002051.jpg,scratch
002052.jpg,scratch
002053.jpg,scratch
002054.jpg,scratch
002055.jpg,scratch
002058.jpg,scratch
002059.jpg,scratch
002060.jpg,scratch
002061.jpg,scratch
002067.jpg,crack
002068.jpg,dent
002069.jpg,dent
002071.jpg,scratch
002074.jpg,scratch
002075.jpg,dent
002077.jpg,scratch
002078.jpg,scratch
002079.jpg,scratch
002080.jpg,scratch
002081.jpg,scratch
002082.jpg,scratch
002084.jpg,dent
002085.jpg,dent
002089.jpg,scratch
002097.jpg,scratch
002099.jpg,scratch
002100.jpg,scratch
002101.jpg,scratch
002103.jpg,scratch
002104.jpg,scratch
002105.jpg,scratch
002106.jpg,scratch
002107.jpg,dent
002108.jpg,scratch
002109.jpg,scratch
002110.jpg,scratch
002111.jpg,scratch
002112.jpg,scratch
002113.jpg,scratch
002114.jpg,scratch
002116.jpg,dent
002117.jpg,dent
002118.jpg,dent
002119.jpg,dent
002120.jpg,dent
002121.jpg,scratch
002122.jpg,dent
002123.jpg,scratch
002124.jpg,dent
002127.jpg,dent
002131.jpg,scratch
002132.jpg,scratch
002133.jpg,scratch
002134.jpg,dent
002135.jpg,scratch
002136.jpg,scratch
002137.jpg,scratch
002142.jpg,dent
002143.jpg,dent
002144.jpg,dent
002145.jpg,dent
002146.jpg,scratch
002147.jpg,scratch
002148.jpg,dent
002149.jpg,scratch
002150.jpg,scratch
002157.jpg,dent
002158.jpg,dent
002159.jpg,dent
002160.jpg,dent
002161.jpg,scratch
002162.jpg,dent
002165.jpg,scratch
002166.jpg,scratch
002167.jpg,scratch
002168.jpg,dent
002173.jpg,scratch
002174.jpg,scratch
002175.jpg,scratch
002177.jpg,dent
002179.jpg,dent
002180.jpg,scratch
002181.jpg,dent
002183.jpg,dent
002184.jpg,dent
002185.jpg,scratch
002186.jpg,scratch
002187.jpg,dent
002188.jpg,dent
002191.jpg,scratch
002192.jpg,scratch
002193.jpg,scratch
002196.jpg,dent
002198.jpg,dent
002201.jpg,dent
002207.jpg,scratch
002208.jpg,dent
002209.jpg,scratch
002210.jpg,scratch
002211.jpg,scratch
002212.jpg,dent
002214.jpg,dent
002217.jpg,dent
002218.jpg,scratch
002219.jpg,dent
002220.jpg,scratch
002221.jpg,dent
002222.jpg,scratch
002223.jpg,dent
002224.jpg,scratch
002225.jpg,scratch
002226.jpg,scratch
002227.jpg,scratch
002228.jpg,scratch
002229.jpg,scratch
002230.jpg,dent
002231.jpg,scratch
002232.jpg,scratch
002233.jpg,scratch
002234.jpg,scratch
002236.jpg,scratch
002237.jpg,scratch
002238.jpg,scratch
002239.jpg,scratch
002242.jpg,dent
002243.jpg,lamp broken
002245.jpg,scratch
002246.jpg,scratch
002247.jpg,dent
002248.jpg,dent
002249.jpg,scratch
002250.jpg,dent
002251.jpg,dent
002253.jpg,dent
002256.jpg,scratch
002257.jpg,scratch
002258.jpg,scratch
002259.jpg,scratch
002260.jpg,scratch
002261.jpg,scratch
002263.jpg,crack
002264.jpg,crack
002265.jpg,crack
002266.jpg,glass shatter
002271.jpg,crack
002273.jpg,crack
002274.jpg,dent
002277.jpg,dent
002281.jpg,dent
002282.jpg,dent
002283.jpg,dent
002284.jpg,scratch
002285.jpg,scratch
002286.jpg,scratch
002287.jpg,crack
002288.jpg,dent
002289.jpg,scratch
002290.jpg,dent
002291.jpg,dent
002292.jpg,dent
002293.jpg,scratch
002295.jpg,dent
002296.jpg,scratch
002300.jpg,dent
002301.jpg,dent
002302.jpg,dent
002303.jpg,dent
002304.jpg,dent
002305.jpg,dent
002306.jpg,scratch
002308.jpg,dent
002309.jpg,dent
002310.jpg,dent
002311.jpg,scratch
002312.jpg,scratch
002313.jpg,dent
002317.jpg,scratch
002318.jpg,dent
002319.jpg,scratch
002320.jpg,dent
002321.jpg,dent
002322.jpg,dent
002323.jpg,dent
002324.jpg,dent
002327.jpg,dent
002328.jpg,dent
002329.jpg,dent
002334.jpg,dent
002335.jpg,dent
002336.jpg,dent
002337.jpg,dent
002339.jpg,scratch
002340.jpg,dent
002341.jpg,dent
002344.jpg,scratch
002347.jpg,dent
002348.jpg,dent
002349.jpg,dent
002350.jpg,dent
002352.jpg,dent
002353.jpg,crack
002354.jpg,dent
002355.jpg,scratch
002357.jpg,dent
002360.jpg,dent
002362.jpg,dent
002364.jpg,dent
002365.jpg,scratch
002366.jpg,scratch
002367.jpg,dent
002368.jpg,scratch
002369.jpg,dent
002370.jpg,scratch
002371.jpg,dent
002372.jpg,scratch
002373.jpg,scratch
002374.jpg,scratch
002375.jpg,scratch
002376.jpg,scratch
002377.jpg,dent
002378.jpg,dent
002379.jpg,dent
002383.jpg,scratch
002384.jpg,dent
002386.jpg,dent
002387.jpg,scratch
002388.jpg,scratch
002390.jpg,scratch
002391.jpg,scratch
002392.jpg,scratch
002394.jpg,scratch
002395.jpg,dent
002396.jpg,dent
002397.jpg,dent
002398.jpg,dent
002399.jpg,dent
002400.jpg,dent
002401.jpg,dent
002402.jpg,dent
002403.jpg,dent
002404.jpg,scratch
002405.jpg,scratch
002406.jpg,scratch
002413.jpg,dent
002414.jpg,scratch
002415.jpg,dent
002416.jpg,scratch
002417.jpg,dent
002418.jpg,dent
002419.jpg,dent
002420.jpg,dent
002421.jpg,scratch
002424.jpg,glass shatter
002425.jpg,glass shatter
002426.jpg,glass shatter
002428.jpg,scratch
002429.jpg,dent
002430.jpg,dent
002431.jpg,dent
002432.jpg,dent
002433.jpg,dent
002434.jpg,scratch
002435.jpg,scratch
002436.jpg,dent
002437.jpg,dent
002438.jpg,dent
002443.jpg,dent
002444.jpg,glass shatter
002445.jpg,dent
002446.jpg,dent
002447.jpg,dent
002450.jpg,dent
002451.jpg,dent
002453.jpg,dent
002454.jpg,lamp broken
002455.jpg,dent
002456.jpg,dent
002457.jpg,dent
002458.jpg,dent
002459.jpg,dent
002460.jpg,dent
002464.jpg,dent
002465.jpg,dent
002466.jpg,dent
002469.jpg,dent
002470.jpg,scratch
002471.jpg,dent
002472.jpg,dent
002473.jpg,dent
002474.jpg,dent
002476.jpg,dent
002477.jpg,dent
002478.jpg,dent
002479.jpg,dent
002480.jpg,dent
002482.jpg,scratch
002484.jpg,dent
002485.jpg,dent
002487.jpg,dent
002489.jpg,dent
002490.jpg,dent
002492.jpg,scratch
002493.jpg,scratch
002494.jpg,scratch
002495.jpg,dent
002496.jpg,scratch
002497.jpg,dent
002499.jpg,dent
002500.jpg,dent
002501.jpg,dent
002504.jpg,scratch
002505.jpg,dent
002506.jpg,dent
002507.jpg,scratch
002510.jpg,scratch
002511.jpg,scratch
002512.jpg,dent
002513.jpg,dent
002518.jpg,dent
002519.jpg,dent
002520.jpg,dent
002522.jpg,scratch
002523.jpg,scratch
002524.jpg,dent
002525.jpg,scratch
002526.jpg,scratch
002527.jpg,dent
002528.jpg,dent
002529.jpg,dent
002530.jpg,scratch
002531.jpg,dent
002532.jpg,dent
002533.jpg,dent
002535.jpg,scratch
002538.jpg,scratch
002539.jpg,dent
002540.jpg,dent
002541.jpg,dent
002542.jpg,dent
002543.jpg,dent
002544.jpg,dent
002548.jpg,tire flat
002549.jpg,scratch
002550.jpg,dent
002551.jpg,crack
002554.jpg,crack
002555.jpg,crack
002556.jpg,crack
002557.jpg,crack
002558.jpg,crack
002559.jpg,dent
002560.jpg,dent
002563.jpg,scratch
002564.jpg,scratch
002565.jpg,crack
002566.jpg,crack
002569.jpg,dent
002570.jpg,crack
002572.jpg,crack
002574.jpg,scratch
002576.jpg,dent
002578.jpg,crack
002580.jpg,scratch
002581.jpg,scratch
002582.jpg,dent
002583.jpg,scratch
002584.jpg,dent
002585.jpg,dent
002586.jpg,scratch
002587.jpg,scratch
002588.jpg,dent
002589.jpg,scratch
002591.jpg,dent
002592.jpg,scratch
002593.jpg,crack
002594.jpg,dent
002595.jpg,scratch
002596.jpg,scratch
002598.jpg,dent
002599.jpg,scratch
002600.jpg,scratch
002607.jpg,scratch
002608.jpg,dent
002610.jpg,scratch
002611.jpg,dent
002614.jpg,dent
002615.jpg,scratch
002616.jpg,scratch
002617.jpg,scratch
002618.jpg,scratch
002619.jpg,dent
002620.jpg,dent
002622.jpg,dent
002623.jpg,dent
002626.jpg,scratch
002634.jpg,dent
002635.jpg,dent
002638.jpg,scratch
002639.jpg,crack
002640.jpg,dent
002641.jpg,dent
002642.jpg,dent
002643.jpg,dent
002644.jpg,dent
002645.jpg,dent
002648.jpg,dent
002649.jpg,dent
002650.jpg,dent
002651.jpg,dent
002652.jpg,dent
002653.jpg,dent
002657.jpg,dent
002658.jpg,dent
002659.jpg,dent
002660.jpg,dent
002666.jpg,scratch
002668.jpg,dent
002669.jpg,crack
002670.jpg,scratch
002671.jpg,scratch
002672.jpg,scratch
002673.jpg,scratch
002674.jpg,scratch
002675.jpg,scratch
002676.jpg,scratch
002677.jpg,scratch
002678.jpg,scratch
002679.jpg,scratch
002680.jpg,dent
002681.jpg,dent
002683.jpg,scratch
002684.jpg,dent
002686.jpg,dent
002687.jpg,dent
002688.jpg,scratch
002689.jpg,scratch
002690.jpg,dent
002691.jpg,scratch
002692.jpg,scratch
002693.jpg,dent
002696.jpg,scratch
002697.jpg,dent
002698.jpg,dent
002699.jpg,dent
002700.jpg,dent
002701.jpg,dent
002702.jpg,scratch
002703.jpg,scratch
002704.jpg,scratch
002705.jpg,scratch
002706.jpg,crack
002708.jpg,lamp broken
002709.jpg,scratch
002710.jpg,scratch
002711.jpg,dent
002712.jpg,dent
002713.jpg,dent
002714.jpg,scratch
002715.jpg,scratch
002717.jpg,dent
002718.jpg,dent
002719.jpg,scratch
002720.jpg,crack
002722.jpg,scratch
002723.jpg,scratch
002724.jpg,dent
002725.jpg,scratch
002727.jpg,dent
002731.jpg,dent
002732.jpg,crack
002733.jpg,dent
002734.jpg,scratch
002735.jpg,lamp broken
002736.jpg,lamp broken
002737.jpg,lamp broken
002738.jpg,dent
002739.jpg,dent
002740.jpg,dent
002742.jpg,scratch
002743.jpg,scratch
002744.jpg,scratch
002745.jpg,scratch
002746.jpg,scratch
002747.jpg,scratch
002748.jpg,scratch
002749.jpg,scratch
002750.jpg,scratch
002751.jpg,scratch
002756.jpg,scratch
002758.jpg,scratch
002759.jpg,scratch
002760.jpg,scratch
002761.jpg,dent
002762.jpg,dent
002763.jpg,dent
002764.jpg,scratch
002765.jpg,scratch
002768.jpg,dent
002769.jpg,dent
002770.jpg,scratch
002771.jpg,scratch
002772.jpg,dent
002773.jpg,scratch
002774.jpg,scratch
002775.jpg,scratch
002777.jpg,scratch
002780.jpg,scratch
002782.jpg,dent
002783.jpg,dent
002784.jpg,scratch
002785.jpg,dent
002786.jpg,scratch
002787.jpg,scratch
002788.jpg,scratch
002792.jpg,scratch
002793.jpg,scratch
002794.jpg,scratch
002795.jpg,scratch
002796.jpg,scratch
002797.jpg,scratch
002798.jpg,scratch
002799.jpg,scratch
002800.jpg,scratch
002802.jpg,scratch
002806.jpg,dent
002807.jpg,scratch
002808.jpg,dent
002809.jpg,scratch
002811.jpg,dent
002812.jpg,scratch
002813.jpg,scratch
002818.jpg,scratch
002819.jpg,scratch
002820.jpg,scratch
002821.jpg,scratch
002823.jpg,scratch
002824.jpg,scratch
002831.jpg,dent
002832.jpg,scratch
002835.jpg,dent
002836.jpg,scratch
002837.jpg,scratch
002838.jpg,scratch
002839.jpg,dent
002840.jpg,dent
002841.jpg,dent
002842.jpg,scratch
002843.jpg,scratch
002844.jpg,scratch
002845.jpg,dent
002846.jpg,scratch
002847.jpg,scratch
002848.jpg,scratch
002850.jpg,scratch
002851.jpg,scratch
002853.jpg,scratch
002854.jpg,scratch
002855.jpg,dent
002856.jpg,scratch
002857.jpg,scratch
002860.jpg,dent
002862.jpg,scratch
002863.jpg,scratch
002864.jpg,scratch
002870.jpg,scratch
002871.jpg,scratch
002872.jpg,scratch
002873.jpg,scratch
002874.jpg,scratch
002875.jpg,scratch
002876.jpg,dent
002877.jpg,scratch
002878.jpg,scratch
002880.jpg,dent
002883.jpg,dent
002884.jpg,scratch
002885.jpg,dent
002886.jpg,dent
002888.jpg,dent
002889.jpg,dent
002890.jpg,scratch
002891.jpg,dent
002894.jpg,dent
002896.jpg,dent
002897.jpg,dent
002900.jpg,dent
002901.jpg,scratch
002902.jpg,scratch
002903.jpg,scratch
002904.jpg,scratch
002905.jpg,dent
002906.jpg,scratch
002907.jpg,dent
002910.jpg,dent
002911.jpg,dent
002912.jpg,crack
002913.jpg,scratch
002915.jpg,dent
002916.jpg,scratch
002917.jpg,scratch
002918.jpg,scratch
002919.jpg,dent
002920.jpg,dent
002921.jpg,scratch
002926.jpg,scratch
002927.jpg,dent
002928.jpg,dent
002929.jpg,dent
002930.jpg,dent
002932.jpg,scratch
002935.jpg,scratch
002936.jpg,crack
002937.jpg,crack
002938.jpg,scratch
002939.jpg,dent
002940.jpg,dent
002941.jpg,scratch
002942.jpg,scratch
002943.jpg,scratch
002944.jpg,dent
002945.jpg,scratch
002947.jpg,dent
002948.jpg,dent
002949.jpg,scratch
002950.jpg,scratch
002951.jpg,scratch
002952.jpg,crack
002955.jpg,scratch
002956.jpg,scratch
002957.jpg,scratch
002958.jpg,scratch
002959.jpg,scratch
002960.jpg,dent
002963.jpg,dent
002964.jpg,dent
002965.jpg,dent
002966.jpg,dent
002967.jpg,scratch
002968.jpg,dent
002969.jpg,dent
002970.jpg,dent
002971.jpg,dent
002972.jpg,scratch
002973.jpg,dent
002974.jpg,dent
002975.jpg,dent
002976.jpg,dent
002977.jpg,dent
002978.jpg,dent
002979.jpg,dent
002980.jpg,dent
002981.jpg,dent
002982.jpg,dent
002983.jpg,dent
002984.jpg,dent
002985.jpg,dent
002989.jpg,crack
002990.jpg,scratch
002993.jpg,scratch
002994.jpg,dent
002995.jpg,scratch
002997.jpg,dent
002998.jpg,dent
002999.jpg,dent
003000.jpg,dent
003001.jpg,scratch
003002.jpg,scratch
003003.jpg,dent
003004.jpg,scratch
003005.jpg,scratch
003006.jpg,scratch
003007.jpg,dent
003008.jpg,scratch
003009.jpg,scratch
003010.jpg,scratch
003012.jpg,dent
003013.jpg,dent
003014.jpg,dent
003015.jpg,dent
003016.jpg,dent
003022.jpg,dent
003023.jpg,scratch
003024.jpg,glass shatter
003025.jpg,glass shatter
003026.jpg,glass shatter
003030.jpg,glass shatter
003031.jpg,glass shatter
003032.jpg,glass shatter
003033.jpg,glass shatter
003034.jpg,glass shatter
003035.jpg,glass shatter
003036.jpg,dent
003037.jpg,crack
003038.jpg,glass shatter
003040.jpg,dent
003043.jpg,glass shatter
003044.jpg,glass shatter
003045.jpg,glass shatter
003046.jpg,glass shatter
003047.jpg,glass shatter
003048.jpg,glass shatter
003049.jpg,glass shatter
003052.jpg,dent
003053.jpg,dent
003055.jpg,glass shatter
003056.jpg,glass shatter
003057.jpg,glass shatter
003058.jpg,glass shatter
003059.jpg,glass shatter
003060.jpg,glass shatter
003061.jpg,glass shatter
003065.jpg,glass shatter
003066.jpg,glass shatter
003067.jpg,glass shatter
003068.jpg,glass shatter
003069.jpg,glass shatter
003070.jpg,glass shatter
003072.jpg,dent
003075.jpg,glass shatter
003076.jpg,glass shatter
003077.jpg,glass shatter
003078.jpg,glass shatter
003079.jpg,glass shatter
003080.jpg,glass shatter
003081.jpg,glass shatter
003085.jpg,glass shatter
003086.jpg,glass shatter
003088.jpg,crack
003089.jpg,crack
003091.jpg,crack
003092.jpg,dent
003093.jpg,glass shatter
003094.jpg,glass shatter
003095.jpg,dent
003096.jpg,scratch
003097.jpg,glass shatter
003098.jpg,glass shatter
003103.jpg,glass shatter
003104.jpg,dent
003105.jpg,glass shatter
003106.jpg,glass shatter
003107.jpg,scratch
003108.jpg,scratch
003111.jpg,glass shatter
003112.jpg,glass shatter
003113.jpg,crack
003114.jpg,dent
003117.jpg,glass shatter
003118.jpg,dent
003119.jpg,glass shatter
003120.jpg,glass shatter
003121.jpg,glass shatter
003122.jpg,glass shatter
003123.jpg,glass shatter
003126.jpg,dent
003128.jpg,dent
003129.jpg,dent
003130.jpg,dent
003131.jpg,dent
003132.jpg,lamp broken
003133.jpg,glass shatter
003134.jpg,glass shatter
003135.jpg,glass shatter
003136.jpg,glass shatter
003137.jpg,glass shatter
003138.jpg,glass shatter
003139.jpg,glass shatter
003144.jpg,dent
003145.jpg,dent
003146.jpg,scratch
003147.jpg,dent
003148.jpg,glass shatter
003149.jpg,scratch
003150.jpg,glass shatter
003151.jpg,glass shatter
003152.jpg,glass shatter
003153.jpg,glass shatter
003154.jpg,glass shatter
003155.jpg,glass shatter
003159.jpg,glass shatter
003160.jpg,glass shatter
003161.jpg,glass shatter
003162.jpg,glass shatter
003163.jpg,glass shatter
003164.jpg,glass shatter
003165.jpg,glass shatter
003169.jpg,glass shatter
003170.jpg,glass shatter
003171.jpg,glass shatter
003172.jpg,glass shatter
003173.jpg,glass shatter
003174.jpg,glass shatter
003177.jpg,scratch
003178.jpg,scratch
003179.jpg,scratch
003181.jpg,dent
003183.jpg,scratch
003184.jpg,dent
003185.jpg,scratch
003186.jpg,scratch
003188.jpg,scratch
003189.jpg,scratch
003190.jpg,dent
003191.jpg,glass shatter
003192.jpg,glass shatter
003193.jpg,glass shatter
003194.jpg,glass shatter
003195.jpg,scratch
003197.jpg,scratch
003198.jpg,glass shatter
003199.jpg,glass shatter
003202.jpg,scratch
003207.jpg,glass shatter
003208.jpg,crack
003209.jpg,glass shatter
003210.jpg,glass shatter
003211.jpg,glass shatter
003212.jpg,glass shatter
003215.jpg,dent
003216.jpg,scratch
003217.jpg,scratch
003218.jpg,dent
003219.jpg,scratch
003220.jpg,dent
003221.jpg,dent
003223.jpg,scratch
003224.jpg,scratch
003225.jpg,dent
003227.jpg,glass shatter
003228.jpg,scratch
003229.jpg,dent
003230.jpg,scratch
003231.jpg,glass shatter
003232.jpg,glass shatter
003236.jpg,scratch
003237.jpg,scratch
003238.jpg,scratch
003239.jpg,glass shatter
003240.jpg,glass shatter
003241.jpg,glass shatter
003242.jpg,crack
003243.jpg,glass shatter
003249.jpg,glass shatter
003250.jpg,glass shatter
003251.jpg,glass shatter
003252.jpg,scratch
003253.jpg,glass shatter
003254.jpg,glass shatter
003255.jpg,glass shatter
003260.jpg,scratch
003261.jpg,glass shatter
003262.jpg,glass shatter
003263.jpg,glass shatter
003264.jpg,glass shatter
003265.jpg,glass shatter
003266.jpg,glass shatter
003267.jpg,glass shatter
003269.jpg,dent
003272.jpg,glass shatter
003273.jpg,glass shatter
003275.jpg,scratch
003276.jpg,glass shatter
003277.jpg,dent
003278.jpg,glass shatter
003279.jpg,dent
003280.jpg,dent
003281.jpg,dent
003282.jpg,dent
003286.jpg,scratch
003287.jpg,glass shatter
003288.jpg,glass shatter
003293.jpg,glass shatter
003294.jpg,glass shatter
003298.jpg,glass shatter
003299.jpg,glass shatter
003300.jpg,glass shatter
003304.jpg,crack
003305.jpg,scratch
003306.jpg,glass shatter
003307.jpg,glass shatter
003308.jpg,dent
003310.jpg,scratch
003311.jpg,glass shatter
003312.jpg,glass shatter
003313.jpg,glass shatter
003314.jpg,glass shatter
003315.jpg,glass shatter
003319.jpg,glass shatter
003320.jpg,scratch
003321.jpg,glass shatter
003322.jpg,glass shatter
003323.jpg,glass shatter
003324.jpg,dent
003325.jpg,glass shatter
003326.jpg,glass shatter
003330.jpg,glass shatter
003331.jpg,glass shatter
003332.jpg,glass shatter
003333.jpg,glass shatter
003334.jpg,glass shatter
003335.jpg,crack
003336.jpg,glass shatter
003337.jpg,lamp broken
003339.jpg,crack
003341.jpg,dent
003342.jpg,scratch
003343.jpg,lamp broken
003344.jpg,lamp broken
003346.jpg,scratch
003347.jpg,scratch
003349.jpg,scratch
003350.jpg,scratch
003351.jpg,dent
003352.jpg,scratch
003353.jpg,lamp broken
003356.jpg,scratch
003357.jpg,scratch
003358.jpg,lamp broken
003359.jpg,scratch
003360.jpg,scratch
003361.jpg,lamp broken
003363.jpg,scratch
003364.jpg,scratch
003365.jpg,scratch
003366.jpg,lamp broken
003374.jpg,lamp broken
003375.jpg,lamp broken
003376.jpg,lamp broken
003377.jpg,lamp broken
003378.jpg,lamp broken
003379.jpg,lamp broken
003380.jpg,lamp broken
003381.jpg,lamp broken
003383.jpg,scratch
003384.jpg,scratch
003385.jpg,lamp broken
003386.jpg,lamp broken
003387.jpg,scratch
003388.jpg,scratch
003389.jpg,scratch
003390.jpg,dent
003391.jpg,dent
003393.jpg,crack
003394.jpg,dent
003396.jpg,crack
003398.jpg,tire flat
003400.jpg,scratch
003401.jpg,scratch
003403.jpg,scratch
003404.jpg,scratch
003405.jpg,scratch
003406.jpg,scratch
003409.jpg,dent
003410.jpg,dent
003411.jpg,dent
003412.jpg,scratch
003413.jpg,dent
003415.jpg,dent
003416.jpg,scratch
003417.jpg,scratch
003419.jpg,scratch
003420.jpg,scratch
003421.jpg,scratch
003422.jpg,scratch
003423.jpg,scratch
003425.jpg,scratch
003429.jpg,crack
003430.jpg,scratch
003435.jpg,scratch
003436.jpg,scratch
003437.jpg,scratch
003439.jpg,dent
003440.jpg,dent
003443.jpg,lamp broken
003444.jpg,lamp broken
003446.jpg,scratch
003449.jpg,dent
003452.jpg,scratch
003453.jpg,scratch
003455.jpg,scratch
003456.jpg,scratch
003458.jpg,dent
003459.jpg,scratch
003460.jpg,scratch
003461.jpg,scratch
003462.jpg,glass shatter
003463.jpg,scratch
003465.jpg,scratch
003466.jpg,scratch
003468.jpg,scratch
003469.jpg,scratch
003471.jpg,dent
003473.jpg,crack
003476.jpg,scratch
003480.jpg,scratch
003483.jpg,dent
003484.jpg,scratch
003485.jpg,scratch
003486.jpg,scratch
003487.jpg,scratch
003488.jpg,scratch
003489.jpg,scratch
003490.jpg,scratch
003491.jpg,scratch
003499.jpg,scratch
003500.jpg,scratch
003501.jpg,scratch
003502.jpg,scratch
003503.jpg,dent
003504.jpg,scratch
003505.jpg,dent
003506.jpg,scratch
003507.jpg,scratch
003508.jpg,scratch
003509.jpg,scratch
003511.jpg,scratch
003513.jpg,scratch
003514.jpg,scratch
003515.jpg,scratch
003517.jpg,scratch
003518.jpg,scratch
003519.jpg,scratch
003520.jpg,dent
003522.jpg,scratch
003523.jpg,scratch
003524.jpg,scratch
003525.jpg,scratch
003526.jpg,dent
003527.jpg,scratch
003528.jpg,scratch
003529.jpg,scratch
003530.jpg,scratch
003531.jpg,scratch
003532.jpg,scratch
003536.jpg,scratch
003537.jpg,scratch
003538.jpg,scratch
003539.jpg,scratch
003540.jpg,glass shatter
003544.jpg,scratch
003545.jpg,scratch
003546.jpg,scratch
003547.jpg,dent
003548.jpg,dent
003549.jpg,scratch
003551.jpg,dent
003552.jpg,dent
003553.jpg,scratch
003557.jpg,scratch
003558.jpg,scratch
003559.jpg,scratch
003560.jpg,scratch
003563.jpg,dent
003564.jpg,scratch
003565.jpg,scratch
003566.jpg,scratch
003567.jpg,scratch
003568.jpg,scratch
003569.jpg,dent
003570.jpg,scratch
003571.jpg,dent
003572.jpg,dent
003575.jpg,scratch
003578.jpg,dent
003579.jpg,scratch
003580.jpg,dent
003581.jpg,scratch
003582.jpg,scratch
003583.jpg,scratch
003584.jpg,scratch
003585.jpg,dent
003587.jpg,dent
003588.jpg,scratch
003591.jpg,dent
003592.jpg,scratch
003593.jpg,dent
003595.jpg,scratch
003596.jpg,dent
003597.jpg,scratch
003598.jpg,scratch
003599.jpg,scratch
003600.jpg,dent
003601.jpg,scratch
003602.jpg,dent
003603.jpg,scratch
003604.jpg,scratch
003605.jpg,scratch
003606.jpg,scratch
003607.jpg,scratch
003608.jpg,scratch
003609.jpg,scratch
003610.jpg,scratch
003611.jpg,scratch
003615.jpg,scratch
003616.jpg,scratch
003617.jpg,scratch
003618.jpg,scratch
003619.jpg,scratch
003620.jpg,scratch
003621.jpg,scratch
003622.jpg,scratch
003623.jpg,scratch
003624.jpg,dent
003625.jpg,scratch
003628.jpg,scratch
003629.jpg,scratch
003630.jpg,scratch
003631.jpg,dent
003632.jpg,scratch
003633.jpg,scratch
003638.jpg,scratch
003639.jpg,scratch
003640.jpg,scratch
003641.jpg,dent
003642.jpg,scratch
003643.jpg,scratch
003644.jpg,scratch
003645.jpg,scratch
003646.jpg,scratch
003647.jpg,dent
003648.jpg,scratch
003652.jpg,scratch
003653.jpg,scratch
003654.jpg,dent
003655.jpg,scratch
003660.jpg,scratch
003661.jpg,scratch
003662.jpg,scratch
003663.jpg,dent
003664.jpg,dent
003665.jpg,scratch
003666.jpg,scratch
003667.jpg,scratch
003668.jpg,scratch
003669.jpg,scratch
003670.jpg,crack
003674.jpg,scratch
003675.jpg,scratch
003676.jpg,scratch
003677.jpg,dent
003678.jpg,scratch
003679.jpg,scratch
003680.jpg,scratch
003681.jpg,scratch
003682.jpg,scratch
003685.jpg,scratch
003686.jpg,dent
003687.jpg,scratch
003688.jpg,scratch
003689.jpg,dent
003692.jpg,scratch
003693.jpg,scratch
003694.jpg,crack
003697.jpg,scratch
003698.jpg,scratch
003700.jpg,scratch
003701.jpg,dent
003702.jpg,dent
003709.jpg,dent
003713.jpg,dent
003715.jpg,scratch
003716.jpg,scratch
003717.jpg,dent
003718.jpg,scratch
003719.jpg,scratch
003723.jpg,scratch
003724.jpg,scratch
003725.jpg,scratch
003726.jpg,dent
003727.jpg,glass shatter
003728.jpg,glass shatter
003729.jpg,glass shatter
003730.jpg,glass shatter
003731.jpg,glass shatter
003732.jpg,dent
003733.jpg,crack
003736.jpg,dent
003737.jpg,glass shatter
003738.jpg,scratch
003739.jpg,dent
003740.jpg,dent
003741.jpg,dent
003742.jpg,scratch
003746.jpg,dent
003747.jpg,dent
003750.jpg,scratch
003751.jpg,scratch
003752.jpg,dent
003754.jpg,glass shatter
003755.jpg,glass shatter
003756.jpg,dent
003757.jpg,crack
003758.jpg,crack
003759.jpg,crack
003760.jpg,scratch
003761.jpg,dent
003762.jpg,glass shatter
003763.jpg,glass shatter
003764.jpg,scratch
003765.jpg,glass shatter
003766.jpg,dent
003767.jpg,glass shatter
003771.jpg,glass shatter
003772.jpg,glass shatter
003773.jpg,dent
003774.jpg,dent
003775.jpg,glass shatter
003776.jpg,glass shatter
003777.jpg,glass shatter
003778.jpg,dent
003779.jpg,dent
003780.jpg,dent
003781.jpg,scratch
003784.jpg,dent
003786.jpg,glass shatter
003787.jpg,dent
003788.jpg,glass shatter
003790.jpg,glass shatter
003791.jpg,glass shatter
003792.jpg,glass shatter
003794.jpg,dent
003797.jpg,glass shatter
003798.jpg,glass shatter
003799.jpg,glass shatter
003800.jpg,glass shatter
003801.jpg,glass shatter
003802.jpg,glass shatter
003803.jpg,glass shatter
003807.jpg,glass shatter
003808.jpg,glass shatter
003809.jpg,glass shatter
003810.jpg,glass shatter
003811.jpg,glass shatter
003814.jpg,glass shatter
003815.jpg,crack
003816.jpg,crack
003817.jpg,glass shatter
003819.jpg,glass shatter
003820.jpg,dent
003821.jpg,dent
003822.jpg,dent
003824.jpg,scratch
003825.jpg,dent
003826.jpg,scratch
003827.jpg,dent
003835.jpg,crack
003837.jpg,scratch
003838.jpg,scratch
003839.jpg,scratch
003841.jpg,dent
003844.jpg,dent
003845.jpg,dent
003846.jpg,scratch
003847.jpg,scratch
003848.jpg,scratch
003850.jpg,dent
003851.jpg,lamp broken
003852.jpg,dent
003853.jpg,scratch
003854.jpg,glass shatter
003855.jpg,glass shatter
003856.jpg,glass shatter
003857.jpg,glass shatter
003860.jpg,scratch
003861.jpg,dent
003862.jpg,dent
003863.jpg,scratch
003864.jpg,scratch
003865.jpg,dent
003866.jpg,dent
003867.jpg,dent
003868.jpg,crack
003869.jpg,scratch
003870.jpg,scratch
003871.jpg,glass shatter
003873.jpg,scratch
003877.jpg,glass shatter
003878.jpg,glass shatter
003880.jpg,glass shatter
003881.jpg,glass shatter
003882.jpg,glass shatter
003883.jpg,dent
003884.jpg,dent
003885.jpg,glass shatter
003886.jpg,dent
003888.jpg,dent
003890.jpg,scratch
003891.jpg,dent
003892.jpg,scratch
003893.jpg,scratch
003894.jpg,scratch
003895.jpg,tire flat
003897.jpg,glass shatter
003898.jpg,glass shatter
003899.jpg,scratch
003900.jpg,glass shatter
003901.jpg,glass shatter
003902.jpg,glass shatter
003903.jpg,glass shatter
003904.jpg,glass shatter
003907.jpg,scratch
003911.jpg,glass shatter
003913.jpg,dent
003914.jpg,glass shatter
003915.jpg,dent
003916.jpg,dent
003917.jpg,dent
003918.jpg,glass shatter
003919.jpg,glass shatter
003920.jpg,glass shatter
003921.jpg,scratch
003922.jpg,scratch
003923.jpg,dent
003924.jpg,glass shatter
003926.jpg,tire flat
003927.jpg,dent
003928.jpg,scratch
003931.jpg,glass shatter
003932.jpg,dent
003933.jpg,glass shatter
003934.jpg,glass shatter
003936.jpg,scratch
003937.jpg,scratch
003939.jpg,scratch
003940.jpg,glass shatter
003941.jpg,dent
003942.jpg,dent
003943.jpg,dent
003944.jpg,dent
003945.jpg,glass shatter
003946.jpg,scratch
003949.jpg,glass shatter
003950.jpg,crack
003951.jpg,scratch
003952.jpg,glass shatter
003953.jpg,glass shatter
003954.jpg,glass shatter
003955.jpg,scratch
003957.jpg,glass shatter
003958.jpg,glass shatter
003964.jpg,dent
003965.jpg,scratch
003968.jpg,scratch
003969.jpg,dent
003970.jpg,dent
003971.jpg,glass shatter
003972.jpg,glass shatter
003973.jpg,glass shatter
003974.jpg,glass shatter
003975.jpg,glass shatter
003976.jpg,glass shatter
003978.jpg,dent
003979.jpg,dent
003980.jpg,dent
003981.jpg,dent
003983.jpg,scratch
003984.jpg,glass shatter
003985.jpg,scratch
003986.jpg,scratch
003987.jpg,glass shatter
003988.jpg,glass shatter
003989.jpg,glass shatter
003990.jpg,glass shatter
003997.jpg,glass shatter
003998.jpg,crack
004000.jpg,dent
